PolicyID,PolicyTitle,PolicyType,Status,OwnerDepartmentID,EffectiveDate,ExpirationDate,LastUpdatedDate
POL-0001,Policy 1: Conduct Management,HR,Retired,DEP-004,2010-05-28,,2012-03-03
POL-0002,Policy 2: Security Management, Employer ,Approved,DEP-010,2023-04-21,,2024-10-17
POL-0003,Policy 3: Access Management,Operations,Under Review,DEP-001,2019-10-19,,25-Aug-2021
 POL-0004 ,Policy 4: Leave Management,Risk,Retired,DEP-001,"Jul 26, 2024",,2024-11-11
POL-0005,Policy 5: Retention Management,IT,Approved,DEP-008,2020-12-28,,2024-10-03
POL-0006,Policy 6: Travel Management,Employer,Retired,DEP-001,2025-03-06,  ,05-Apr-2025
POL-0007,Policy 7: Conduct Management, IT ,Under Review,DEP-012,2006-06-09,, 2019-08-19 
 POL-0008 ,Policy 8: Retention Management,IT,Under Review,DEP-001,2018-03-14,,2018-12-29
POL-0009,Policy 9: Records Management,IT, Approved , DEP-003 ,2006-07-07,,2013-12-03
POL-0010,Policy 10: Security Management,Risk,Approved,DEP-005,2010-05-04,,23-Mar-2021
 POL-0011 ,Policy 11: Conduct Management,Risk,Under Review,DEP-008,2007-12-20,  ,2020-10-09
 POL-0012 ,Policy 12: Risk Management,Employer,Approved, DEP-002 ,2010-06-14,,2019-07-31
POL-0013,Policy 13: Conduct Management,Compliance,Approved,DEP-005,2007-03-06,,2015-02-14
 POL-0014 ,Policy 14: Procurement Management,Member,Approved,DEP-001,2015-06-23,,2016-01-30
POL-0015,Policy 15: Security Management,,,DEP-008,"Jan 12, 2014",,06/25/2016
POL-0016,Policy 16: Conduct Management,IT,Under Review,DEP-008,2009-04-08,,05/30/2012
POL-0017,Policy 17: Procurement Management, Operations ,Retired, DEP-001 ,"Apr 01, 2011",,2012-12-08
POL-0018,Policy 18: Training Management,Risk,Approved,DEP-014,2007-03-14,2012-03-14,2007-07-12
POL-0019,Policy 19: Security Management,IT,,DEP-003,2008-09-24,,12-Jul-2019
POL-0020,Policy 20: Conduct Management,,,DEP-009,2025-03-29,,2025-03-29
POL-0021,Policy 21: Procurement Management,Finance,Approved,DEP-001,03-Aug-2022,,2024-03-09
POL-0022,Policy 22: Procurement Management,Risk,Retired,DEP-001,2019-11-06,, 2021-08-01 
POL-0023,Policy 23: Conduct Management,Finance, Approved ,DEP-002,2009-11-19,,15-Nov-2022
POL-0024,Policy 24: Retention Management,HR,Approved,DEP-003,2021-10-11,  ,21-Jan-2022
POL-0025,Policy 25: Risk Management,Employer,Under Review,DEP-007,2016-04-12,, 2022-03-27 
POL-0026,Policy 26: Access Management,HR,,DEP-014,23-May-2016,2018-05-23,2017-02-27
POL-0027,Policy 27: Risk Management, Compliance ,Retired,DEP-013,2020-02-23,,2022-05-29
POL-0028,Policy 28: Security Management,Admin,Retired,DEP-008,2010-07-10,,2011-05-31
POL-0029,Policy 29: Risk Management,Compliance,Under Review,DEP-001,"May 28, 2014",,2021-07-01
POL-0030,,IT,Approved,DEP-001,01/09/2020,,2022-09-12
POL-0031,Policy 31: Leave Management,Member,Approved,DEP-004,09-Dec-2007,,08/31/2014
POL-0032,Policy 32: Training Management,Legal,Approved,DEP-012,2021-11-12,,2021-12-01
POL-0033,Policy 33: Training Management,Admin,Approved,DEP-002,2017-08-18,,06/14/2018
POL-0034,Policy 34: Retention Management,IT,Approved,DEP-001, 2016-05-07 ,,"Apr 05, 2020"
POL-0035,Policy 35: Security Management,IT,Retired,DEP-001,2013-04-16,,2023-02-12
POL-0036,Policy 36: Retention Management,Finance,Under Review,DEP-011,2018-09-20,,2024-08-25
POL-0037,Policy 37: Records Management,Risk,Approved,DEP-001,2011-09-19,,
POL-0038,Policy 38: Access Management,Finance,Approved,DEP-010,2007-08-04,,2024-03-28
POL-0039,Policy 39: Retention Management,Operations,Draft,DEP-011,2011-02-10,  ,2015-11-01
POL-0040,Policy 40: Travel Management, IT ,Under Review,DEP-004,2020-06-02,,
POL-0041,Policy 41: Retention Management,Employer,Approved,DEP-012,2010-08-20,,2011-10-10
POL-0042,,Member,Draft,DEP-003,,  ,"Aug 12, 2023"
POL-0043,Policy 43: Travel Management,Operations,Approved,DEP-003, 2019-04-17 ,,2021-02-06
POL-0044,Policy 44: Training Management,Risk,Approved,DEP-010,"Oct 29, 2020",  ,2020-11-17
POL-0045,Policy 45: Security Management,Compliance,Approved,DEP-013,2024-10-22,,06-Jan-2025
 POL-0046 ,Policy 46: Retention Management,HR,Approved,DEP-001,2023-09-21,,2025-04-08
POL-0047,Policy 47: Access Management,Member,Approved,DEP-010,2007-11-11,2010-11-11, 2008-10-02 
POL-0048,Policy 48: Travel Management,IT,Approved,DEP-011,04/19/2020,,2020-11-15
POL-0049,Policy 49: Travel Management,Risk,Approved,DEP-006,2024-10-30,,17-Jan-2025
POL-0050,Policy 50: Conduct Management,Operations,Under Review,DEP-001,2022-12-10,,2025-05-30
POL-0051,Policy 51: Procurement Management,HR,Approved,DEP-001,"Jan 09, 2009",,2016-06-22
POL-0052,Policy 52: Procurement Management,IT,Approved,DEP-003,2010-12-26,2016-12-26,2013-05-29
POL-0053,Policy 53: Procurement Management,HR,Under Review,DEP-013,"Apr 04, 2024",,2024-10-25
POL-0054,Policy 54: Training Management, Legal ,Approved,DEP-004,2011-11-06,,2016-12-13
POL-0055,Policy 55: Conduct Management,HR,Draft,DEP-001,2019-10-21,2022-10-21,2022-12-05
POL-0056,Policy 56: Security Management,Finance,Under Review,DEP-002,2012-11-16,,"Nov 03, 2021"
POL-0057,Policy 57: Retention Management,Legal,Approved,DEP-013,2005-08-15,"Aug 15, 2008", 2009-08-16 
POL-0058, Policy 58: Risk Management ,,Retired,DEP-008,10-Nov-2005,"Nov 10, 2009",2013-08-11
POL-0059,Policy 59: Travel Management,Member,Retird,DEP-011,2018-08-07,  ,23-Nov-2019
 POL-0060 ,Policy 60: Procurement Management,Admin,Approved,DEP-013,2009-04-07,  ,2025-02-28
POL-0061,Policy 61: Procurement Management,HR,Retired,DEP-011,2016-08-30,,2022-09-13
POL-0062,Policy 62: Conduct Management,Legal, Under Review ,DEP-003,2014-09-04,2020-09-04,
POL-0063,,Admin,Approved,DEP-001,2012-01-16,, 2014-11-01 
POL-0064,,Risk,Retired,DEP-011,09-Dec-2011,,2019-04-03
POL-0065,Policy 65: Procurement Management,,Approved,DEP-001,2017-06-08,2021-06-08,2024-11-21
POL-0066, Policy 66: Procurement Management ,Operations,Under Review,DEP-005,2018-10-22,,
POL-0067,Policy 67: Retention Management,,Approved,DEP-001,2011-10-26,,2021-06-16
POL-0068,Policy 68: Risk Management,Admin,Approved,DEP-014,2019-09-08,,2024-08-21
POL-0069,Policy 69: Training Management,IT,Approved,DEP-006,2016-06-19,,2025-05-23
POL-0070,Policy 70: Access Management,Compliance,Retired, DEP-004 ,2011-05-14,,2025-07-24
POL-0071,Policy 71: Risk Management,Legal,UnderReview, DEP-014 ,2007-02-05,  ,2023-12-11
POL-0072,Policy 72: Conduct Management, Finance ,Approved,DEP-006,2010-01-15,,2013-05-06
POL-0073,Policy 73: Records Management,HR,Draft,DEP-002,2010-06-29,,2024-03-14
POL-0074,Policy 74: Security Management,Employer,Approved,DEP-008,,,28-Aug-2018
POL-0075,Policy 75: Procurement Management,,Approved,DEP-001,2013-12-18,,2014-02-01
POL-0076,Policy 76: Security Management,Member,Under Review,DEP-013,2009-11-28,2015-11-28,2021-07-11
POL-0077,Policy 77: Training Management,HR,Approved,DEP-001,2017-07-03,,2018-11-12
POL-0078,Policy 78: Training Management,Operations,Under Review,DEP-014,2022-12-23,,2024-06-18
POL-0079,Policy 79: Retention Management,Admin,Approved,DEP-009,2012-02-13,  ,16-Jan-2022
POL-0080, Policy 80: Risk Management ,Risk,Approved,DEP-002,2014-07-28,,2020-09-18
POL-0081,Policy 81: Training Management,Operations,Approved,DEP-004,2021-09-06,,2024-03-15
POL-0082,Policy 82: Leave Management,IT,Approved, DEP-008 ,2023-11-03,,2025-04-19
POL-0083,Policy 83: Training Management,IT,Approved,DEP-001,2011-02-28,, 2017-07-26 
POL-0084, Policy 84: Conduct Management ,Finance,Under Review,DEP-003,2012-07-14,,2024-08-24
POL-0085,Policy 85: Security Management,Operations,Approved,DEP-001,2008-05-20,,2023-12-12
POL-0086,Policy 86: Access Management,IT,Draft,DEP-009,2006-06-11,  ,2013-11-11
POL-0087,Policy 87: Retention Management,Employer,,DEP-006,2014-04-30,2021-04-30,2023-10-01
 POL-0088 ,Policy 88: Procurement Management,Admin,Under Review,DEP-008,2020-08-07,2027-08-07,2023-10-30
POL-0089,Policy 89: Procurement Management,Employer,Approved,DEP-009,2005-02-18,,2011-10-31
POL-0090,Policy 90: Procurement Management,Member,APPROVE,DEP-013,27-Jan-2017,,2023-03-13
POL-0091, Policy 91: Risk Management ,IT,Under Review, DEP-003 ,2015-12-14,,2020-11-02
POL-0092,Policy 92: Training Management,HR,Retired,DEP-013,,,2022-10-16
POL-0093,Policy 93: Access Management,Employer,Approved,DEP-002,,,2025-08-16
POL-0094,Policy 94: Procurement Management,Admin,Approved,DEP-011,2017-08-29,,2018-08-07
POL-0095,Policy 95: Procurement Management,Operations,Under Review, DEP-007 ,2024-06-11,,2024-07-06
POL-0096,Policy 96: Leave Management,Member,Retired,DEP-001,2012-05-05,,"Sep 03, 2019"
 POL-0097 ,Policy 97: Travel Management,Member, Approved ,DEP-013,2011-03-30,, 2020-09-11 
POL-0098,Policy 98: Leave Management,Compliance,Approved,DEP-003,2015-07-20,2020-07-20,18-Feb-2016
POL-0099,Policy 99: Travel Management,IT,Retired,DEP-010,2019-08-01,2025-08-01,2020-01-12
POL-0100,Policy 100: Records Management,IT,Approved,DEP-013,2009-06-22,  ,29-May-2023
POL-0101,Policy 101: Access Management,IT,Draft,DEP-008,01-Nov-2007,  ,2010-05-26
POL-0102,Policy 102: Risk Management,IT,Retired,DEP-001,2015-06-07,,12-Jan-2024
POL-0103,Policy 103: Travel Management,Operations,Draft,DEP-008,2018-08-04,,2019-11-16
POL-0104,Policy 104: Access Management,,Approved,DEP-001,2007-06-05,,2014-06-03
 POL-0105 ,Policy 105: Risk Management,,Under Review,DEP-001, 2013-11-24 ,,2018-05-06
POL-0106,Policy 106: Security Management,Admin,Approved,DEP-007,2020-06-28,,2021-11-07
POL-0107,Policy 107: Security Management,Finance,Under Review,,2024-01-27,,2024-05-29
POL-0108,Policy 108: Risk Management,HR,Under Review,DEP-010,2012-10-15,,"Feb 05, 2021"
POL-0109,Policy 109: Security Management, Risk ,Approved,DEP-003, 2019-07-11 ,,2024-03-26
POL-0110,Policy 110: Training Management,Compliance,Approved,DEP-009,2014-09-22,,2021-11-07
POL-0111,Policy 111: Training Management,Operations,Approved,DEP-009,2014-10-08,2019-10-08,
POL-0112,Policy 112: Leave Management,Admin,Approved,DEP-001,2023-02-16,,2025-04-19
POL-0113,,,Done,DEP-002,10/09/2014,,2021-05-31
POL-0114,Policy 114: Leave Management,Legal,Approved,DEP-014,2024-02-08,,2024-05-06
POL-0115,Policy 115: Leave Management,Employer,Approved,DEP-013,2010-06-21,,2023-04-02
 POL-0116 ,Policy 116: Risk Management,Member,Approved,DEP-011,2012-07-18,18-Jul-2019,2019-11-01
POL-0117,Policy 117: Access Management, Employer ,Approved,DEP-007,10/04/2009,,21-Jul-2015
POL-0118,Policy 118: Travel Management,Finance,Approved,DEP-001, 2024-09-29 ,, 2025-02-17 
POL-0119,Policy 119: Retention Management,HR,Draft,DEP-002,2016-08-03,,2017-07-19
POL-0120,Policy 120: Conduct Management, Member ,Under Review,DEP-008,2015-12-17,,2018-08-27
POL-0121,Policy 121: Training Management,Employer,Retired,DEP-013,2015-01-20,,2016-02-05
POL-0122,Policy 122: Leave Management,IT,Approved,DEP-013,"Jan 26, 2014",,2020-12-08
POL-0123,Policy 123: Risk Management,Legal,Retired,DEP-001,2015-08-13,  ,2019-06-21
POL-0124,Policy 124: Procurement Management,Risk,Retired,DEP-005,2012-06-02,,2022-08-06
POL-0125,Policy 125: Leave Management,Finance,Retired,DEP-014,2010-08-22,,12/16/2014
POL-0126,Policy 126: Travel Management,Compliance,Approved,DEP-003,2021-08-30,,2025-07-13
POL-0127,Policy 127: Access Management,IT,Approved,DEP-012, 2009-11-08 ,,21-Jan-2016
POL-0128,,Risk,Approved,DEP-001,"May 21, 2018",  ,2019-07-06
POL-0129,Policy 129: Conduct Management,Finance,Approved,DEP-013,07-Feb-2010,,2016-11-18
POL-0130,, Risk ,Draft,DEP-007,2007-11-03,,2009-01-22
POL-0131,Policy 131: Retention Management,Finance,Retired,DEP-008,,,2024-03-21
POL-0132,Policy 132: Training Management,Compliance,Approved,DEP-001,"Jul 29, 2024",2027-07-29,2025-03-26
POL-0133,Policy 133: Training Management, Employer ,Approved,DEP-012,2012-08-23,2013-08-23,"Apr 22, 2018"
POL-0134, Policy 134: Training Management ,Compliance,,DEP-009,2023-06-10,10-Jun-2027, 2023-08-24 
POL-0135,Policy 135: Risk Management,HR,Approved,DEP-004,2008-05-27,2013-05-27,2015-03-21
POL-0136,Policy 136: Security Management,IT,Approved,DEP-011,,,2016-12-28
POL-0137,Policy 137: Risk Management,Admin, Retired ,DEP-012,2022-09-26,,08/31/2025
POL-0138,Policy 138: Procurement Management,Employer,Approved,DEP-006,2025-05-18,,2025-08-01
POL-0139,Policy 139: Procurement Management,,Approved,DEP-011,2017-10-03,,2024-08-04
POL-0140,Policy 140: Security Management,IT,Approved,DEP-009,12-Jan-2019,,2019-12-10
POL-0141,Policy 141: Access Management,IT,Approved,DEP-013,"Nov 24, 2008",,2012-05-29
POL-0142,Policy 142: Records Management,Member,Draft,DEP-004,2015-02-08,  ,05/16/2020
 POL-0143 ,Policy 143: Leave Management,HR,Draft,DEP-007,2010-03-12,,2016-07-14
POL-0144,Policy 144: Training Management,Compliance,Approved,DEP-005,06/02/2020,,11/25/2021
POL-0145,Policy 145: Risk Management,IT,Approved,DEP-002,2014-07-15,,2021-10-18
POL-0146,,Finance,Draft,DEP-001,2023-07-17,,2024-01-02
POL-0147,Policy 147: Leave Management,Admin,Approved,DEP-011,"Oct 19, 2021",,2023-06-02
 POL-0148 ,Policy 148: Training Management,Compliance,Approved,DEP-001,2015-07-07,,2023-05-12
POL-0149,Policy 149: Procurement Management,Finance,Under Review,DEP-011,2016-03-23,,2021-02-18
POL-0150,Policy 150: Security Management,Admin,Draft,DEP-008,2005-11-23,  ,2022-05-15
POL-0151,Policy 151: Travel Management,Admin,,DEP-001,2010-08-14, 2012-08-14 ,2023-07-09
POL-0152,Policy 152: Risk Management,HR,Approved,DEP-007,2022-02-25,, 2023-08-30 
POL-0153,Policy 153: Risk Management,HR,Retired,DEP-010,2022-02-12,,2024-10-02
POL-0154,Policy 154: Retention Management,Employer,Approved,DEP-006,2025-07-19,,08/25/2025
POL-0155,Policy 155: Procurement Management,Employer,Approved,DEP-011,2007-01-18,,2016-03-16
POL-0156,Policy 156: Travel Management,Legal,Draft,DEP-005,"Jan 12, 2020",,2023-09-23
POL-0157,Policy 157: Procurement Management,Employer,, DEP-001 ,2011-06-20,,12-Jun-2020
POL-0158,Policy 158: Retention Management,HR,Approved,DEP-012,2015-03-15,2018-03-15,
POL-0159,Policy 159: Security Management,Member,Under Review,DEP-004,26-May-2024,,2024-05-26
POL-0160,Policy 160: Retention Management,Employer,Approved,DEP-001,2014-04-09,2019-04-09,2022-05-20
POL-0161,Policy 161: Risk Management, Employer ,Approved,DEP-007,2019-01-11,,2019-08-10
POL-0162,Policy 162: Conduct Management,Finance,Approved,DEP-009,04/27/2017,,2022-03-26
POL-0163,Policy 163: Training Management,Compliance,Approved,DEP-014,2005-08-25,,2019-04-21
POL-0164,Policy 164: Conduct Management,Operations,Approved,DEP-007,2011-12-21,,2024-05-10
 POL-0165 , Policy 165: Procurement Management ,Compliance, Under Review ,DEP-005,2010-01-15,, 2012-08-01 
POL-0166,Policy 166: Training Management,Compliance,Approved,DEP-004,2019-07-13,,02/12/2025
POL-0167,Policy 167: Leave Management,Risk,Under Review,,10/27/2020,,2025-07-02
POL-0168,Policy 168: Training Management,Employer,Draft,DEP-001,20-Jun-2010,, 2013-09-16 
POL-0169,,IT,Approved,DEP-012,2018-06-12,,2019-12-23
POL-0170, Policy 170: Security Management ,Finance,Draft,DEP-006,2022-05-01,,2024-08-27
POL-0171,Policy 171: Travel Management,Risk,Approved,DEP-006,2010-12-29,,2017-05-03
POL-0172,Policy 172: Leave Management,Admin,Approved,DEP-001,,,01-Jul-2023
POL-0173,Policy 173: Access Management,Employer,Approved, DEP-004 ,2017-01-30,,2020-10-22
 POL-0174 ,Policy 174: Retention Management,Risk,Draft,DEP-008,2013-06-18,,2020-09-05
POL-0175, Policy 175: Conduct Management , IT ,Approved,DEP-004,"Oct 29, 2017",  ,2022-06-07
POL-0176, Policy 176: Records Management ,Legal,Retired,DEP-006,2021-09-14,,2023-11-03
POL-0177,Policy 177: Procurement Management,Operations,Under Review,DEP-009,2016-02-10,,2017-07-11
POL-0178,Policy 178: Retention Management,Admin,Approved,DEP-001,2012-06-12,,2022-04-27
POL-0179,Policy 179: Security Management,Risk,Approved,DEP-001,2025-06-03,,2025-06-21
 POL-0180 ,Policy 180: Procurement Management,Operations,Approved,DEP-013,2006-09-05,,08/15/2012
POL-0181, Policy 181: Travel Management ,Admin,Approved,DEP-004,2020-07-15,  ,2020-12-26
POL-0182,Policy 182: Travel Management,Risk,Approved,DEP-005,2013-07-11,,06/20/2024
POL-0183,Policy 183: Retention Management,HR,Approved,DEP-014,2018-11-07,2024-11-07,27-Jan-2022
POL-0184,Policy 184: Conduct Management,,, DEP-014 ,2014-09-26,,
POL-0185,Policy 185: Security Management,Employer,Draft,DEP-001,2008-09-24,,2009-05-19
POL-0186,Policy 186: Records Management,, Draft ,DEP-001, 2022-11-10 ,2025-11-10,
POL-0187,Policy 187: Procurement Management,Operations,Approved,DEP-001,2010-06-24,,2023-03-04
POL-0188,Policy 188: Access Management,Operations,Approved,DEP-001,,12/05/2015,2017-07-04
POL-0189,Policy 189: Risk Management,IT,Draft,DEP-012,2016-02-29,,10/07/2017
 POL-0190 ,Policy 190: Conduct Management,Employer,Approved,DEP-011,2019-04-23,,2022-03-03
POL-0191,Policy 191: Records Management,Employer,Approved,DEP-001,"Mar 19, 2025",,2025-08-05
POL-0192,Policy 192: Access Management,Compliance,Retired,DEP-008,2014-11-28,,2021-06-30
POL-0193,Policy 193: Leave Management,Member,Approved,DEP-010,,,2025-03-23
POL-0194,Policy 194: Leave Management,IT,Under Review,DEP-002,"Aug 18, 2013",  ,01/08/2016
POL-0195,Policy 195: Conduct Management,,Approved,DEP-010,"Oct 30, 2017",,2021-02-22
 POL-0196 ,Policy 196: Leave Management,HR,Approved,DEP-014,2023-08-14,  ,21-May-2024
POL-0197,Policy 197: Records Management,Admin,Approved,DEP-004,2024-05-27,,12-Jun-2025
 POL-0198 ,Policy 198: Records Management,Admin,Retired,DEP-003,2021-09-18,,
POL-0199,,Admin,Approved,DEP-012,2022-12-27,,2024-10-08
 POL-0200 ,Policy 200: Conduct Management,Admin,Approved,DEP-010,16-Aug-2010,,2025-05-29
POL-0201, Policy 201: Access Management ,Compliance,Retired, DEP-001 ,2025-04-06,, 2025-04-16 
POL-0202,Policy 202: Leave Management,Employer,Approved,DEP-006, 2005-10-01 ,,2022-03-05
POL-0203,Policy 203: Access Management,Compliance,Retired,DEP-003,2025-05-27,,2025-08-30
POL-0204,Policy 204: Procurement Management,Operations,,DEP-004,2009-07-03,03-Jul-2014,2017-09-16
POL-0205,Policy 205: Retention Management,,Draft,DEP-013,2025-06-28,,2025-07-19
POL-0206,Policy 206: Leave Management,Employer, Retired ,DEP-003,"Feb 02, 2023",  ,2025-07-12
POL-0207,,Compliance,Approved,DEP-014,2015-07-04,,2017-01-30
POL-0208,Policy 208: Conduct Management,Member,Approved,DEP-008,2023-12-21,,12/29/2024
POL-0209,Policy 209: Security Management,Member,Approved,DEP-002, 2005-04-25 ,,2008-02-01
POL-0210,Policy 210: Training Management,Legal,Approved,DEP-009,03-Feb-2020,,2021-07-23
POL-0211,Policy 211: Risk Management,Member,Approved,DEP-011,2023-06-13,,2024-06-27
POL-0212,Policy 212: Security Management, IT ,Approved,DEP-001,2015-07-30,2020-07-30,2019-04-03
POL-0213,Policy 213: Risk Management,IT,Approved,DEP-001,2019-07-12, 2026-07-12 ,2024-09-24
POL-0214,Policy 214: Leave Management,Member,,DEP-005,14-Aug-2007,"Aug 14, 2008",06/11/2014
POL-0215,Policy 215: Training Management,Compliance,Under Review, DEP-003 ,2007-03-08,, 2019-03-28 
POL-0216,Policy 216: Access Management,Member, Approved ,DEP-001,2015-03-06,,2023-07-05
POL-0217,,Member,Under Review,DEP-008,,  , 2019-11-27 
POL-0218,Policy 218: Procurement Management,Compliance,Approved,DEP-001,2023-09-13,,2024-11-03
POL-0219,Policy 219: Leave Management,HR,Approved,DEP-001,25-Jun-2020,,2022-12-20
POL-0220,Policy 220: Training Management,IT,Draft,DEP-010, 2024-03-09 ,,03/20/2025
POL-0221, Policy 221: Retention Management ,Legal,Retired,DEP-001,2006-05-12,,2010-08-13
POL-0222,Policy 222: Security Management,Employer,Approved,DEP-004, 2007-01-21 ,,2021-06-12
POL-0223,Policy 223: Risk Management,HR,Retired,DEP-011,2006-02-19,,2011-08-07
POL-0224,Policy 224: Access Management,Admin,Approved,DEP-014,2009-08-09,2016-08-09,2022-01-13
POL-0225,Policy 225: Conduct Management,Admin,Draft,DEP-004,05-Nov-2009,,2015-01-26
 POL-0226 ,,Operations,Approved,DEP-011,,,09/14/2022
POL-0227,Policy 227: Leave Management,Operations,Retired,DEP-005,2007-12-01,,2011-10-30
POL-0228,Policy 228: Security Management,HR,Approved,DEP-001,2007-12-16,,2025-08-21
POL-0229,Policy 229: Conduct Management,Admin,Approved,DEP-001, 2012-04-06 ,"Apr 06, 2015",
 POL-0230 ,Policy 230: Access Management,Member,Under Review, DEP-001 ,10/19/2016,2017-10-19,02/20/2022
 POL-0231 ,Policy 231: Training Management,Legal,Approved,DEP-001,2016-07-06,,2021-07-31
POL-0232,Policy 232: Retention Management,IT,Approved,DEP-010,,2025-10-18,2024-08-22
POL-0233,Policy 233: Leave Management,Employer,Approved,DEP-014,2019-06-07,,2020-02-11
POL-0234,Policy 234: Training Management,Member,Retired,DEP-002,,,
POL-0235,Policy 235: Training Management,Compliance,Retired, DEP-001 ,2025-03-03,,2025-04-09
POL-0236,Policy 236: Security Management,Operations,Retired,DEP-001,2011-03-03,,2024-04-18
POL-0237,Policy 237: Retention Management,Legal,Retired,DEP-001,2013-07-18,,2025-06-11
POL-0238,Policy 238: Leave Management,Employer,Retired,DEP-006,"May 04, 2016",,2017-06-14
POL-0239,Policy 239: Security Management,Risk,Approved,DEP-001,2021-03-03,,2023-07-31
POL-0240,Policy 240: Training Management,IT,Approved, DEP-014 ,,,2024-06-14
POL-0241,Policy 241: Procurement Management,Member,Approved,DEP-008, 2021-05-13 ,"May 13, 2025",2023-02-12
POL-0242,Policy 242: Leave Management,Legal,Approved,DEP-005,2008-06-04,,
POL-0243,,Compliance,Retired,DEP-007,2023-08-28,2027-08-28,12/04/2023
POL-0244,Policy 244: Travel Management,Operations,Approved,DEP-001, 2017-06-24 ,2022-06-24,2023-10-11
POL-0245,Policy 245: Travel Management,Compliance,Retired,DEP-014,2014-03-20,,2023-09-13
POL-0246,Policy 246: Records Management,Finance,Approved,DEP-005,2018-06-20,,2019-08-18
POL-0247,Policy 247: Risk Management,Risk,Under Review,DEP-002,"Oct 09, 2009",2013-10-09,10/20/2014
POL-0248,Policy 248: Security Management,Legal,Approved,DEP-005,12/18/2023,,2024-04-13
POL-0249,Policy 249: Leave Management,Admin,Draft,DEP-007,,,2022-08-27
POL-0250,Policy 250: Risk Management,Admin,Retired,DEP-014,2020-02-21,,2020-04-14
POL-0251,Policy 251: Risk Management,Finance,Approved,DEP-009,2005-08-26,2011-08-26,
POL-0252,Policy 252: Leave Management,Legal,Approved,DEP-003,2012-11-15,2019-11-15,2016-02-01
POL-0253,Policy 253: Risk Management,Member,Under Review,DEP-009,2006-07-25,2012-07-25,2007-04-02
POL-0254,Policy 254: Security Management,Risk,Approved,DEP-013,2009-10-29,  ,2020-01-01
POL-0255,Policy 255: Travel Management,Operations,Approved,DEP-014,,,2020-07-29
POL-0256, Policy 256: Risk Management ,Admin,Approved,DEP-008,2006-11-27,,2010-05-24
POL-0257,Policy 257: Access Management, Admin ,Retired,DEP-013, 2006-02-12 ,,03/21/2012
 POL-0258 ,Policy 258: Training Management,Member, Draft ,DEP-001,2015-11-23,,07/15/2020
POL-0259,Policy 259: Leave Management,IT,Approved,DEP-004,12/07/2021,  ,2023-11-13
POL-0260,Policy 260: Procurement Management,Compliance,Under Review,DEP-014, 2011-05-10 ,,2024-08-27
POL-0261,Policy 261: Training Management,Risk,Approved,DEP-008,2019-12-19,,2022-06-09
POL-0262, Policy 262: Procurement Management ,Admin,Approved,DEP-014,2006-03-25,03/25/2009,2010-12-19
POL-0263,Policy 263: Access Management,Finance,Approved,DEP-012,2011-06-30,,"Sep 01, 2011"
POL-0264,Policy 264: Training Management,Member,Approved,DEP-005,12/10/2008,2013-12-10,2024-09-21
POL-0265,Policy 265: Conduct Management,Risk,Retired,DEP-001,,,2021-07-03
POL-0266,Policy 266: Security Management,Member,Retired,DEP-011,2024-04-30,,2024-12-09
POL-0267,Policy 267: Records Management,Employer,Approved,DEP-014,30-Aug-2025,2028-08-30,2025-09-01
POL-0268,Policy 268: Procurement Management, Admin ,Retired,DEP-011,2014-01-27,,2023-06-10
POL-0269,Policy 269: Leave Management,Compliance,Under Review,DEP-012,,"Feb 01, 2017",2017-12-09
POL-0270,Policy 270: Risk Management,Employer, Under Review ,DEP-005,2023-08-30,,09/03/2024
POL-0271,Policy 271: Security Management,Member,Approved,DEP-014,12/11/2023,2027-12-11,2025-08-05
 POL-0272 ,Policy 272: Procurement Management,Risk,Approved,DEP-001,"Oct 07, 2006",,2013-09-21
POL-0273,,IT,Approved,DEP-008,2012-06-21,,2014-03-08
POL-0274,Policy 274: Retention Management,Compliance,Approved,DEP-999,11/25/2016,,2025-08-09
POL-0275,Policy 275: Travel Management,Legal,Approved, DEP-006 , 2021-04-25 ,  ,2024-12-06
POL-0276,Policy 276: Access Management,, Retired ,DEP-006,2007-04-23,2009-04-23,2011-03-14
 POL-0277 ,Policy 277: Risk Management,Operations,Approved,DEP-007,2022-01-19,,22-Jun-2022
POL-0278,Policy 278: Access Management,Employer,Approved,DEP-012,2015-05-29,,"Dec 05, 2023"
POL-0279,Policy 279: Risk Management,Employer,Draft, DEP-001 ,2020-04-11,,2023-06-11
POL-0280,Policy 280: Risk Management,Legal,Approved,DEP-010,2024-05-20,,
POL-0281,Policy 281: Access Management,Employer,Under Review,DEP-009, 2006-07-14 ,,2020-09-10
POL-0282, Policy 282: Leave Management ,Finance,Draft,DEP-001,2018-04-07,2023-04-07,
POL-0283,,Employer,Approved,DEP-003,,2018-02-20,18-Jun-2024
POL-0284,Policy 284: Leave Management,Compliance,Approved,DEP-004,,  ,2020-06-21
POL-0285,Policy 285: Risk Management,Admin,Approved,DEP-013,,,2022-11-18
POL-0286,Policy 286: Retention Management,HR,Approved,DEP-006,2015-02-02,,2021-07-01
POL-0287,Policy 287: Conduct Management,Legal,Approved,DEP-004,07/28/2018,  ,2020-04-05
POL-0288, Policy 288: Records Management ,Employer, Retired ,DEP-012,04/28/2007,,2015-01-09
POL-0289,Policy 289: Security Management,Risk,Retired,DEP-001,2019-06-30,30-Jun-2021,2024-05-27
POL-0290,Policy 290: Training Management,Risk,Approved,DEP-006,2016-09-22,,2020-10-21
POL-0291,Policy 291: Travel Management,Finance,Retired,DEP-005,2013-09-09,  ,2021-04-11
POL-0292,Policy 292: Risk Management,HR,Approved,DEP-006,,,2024-07-30
POL-0293,Policy 293: Security Management,Legal,Under Review,DEP-008,2007-02-14,,16-Oct-2015
POL-0294,Policy 294: Leave Management,Finance,Under Review,DEP-001,2021-03-26,,2024-08-11
POL-0295,Policy 295: Access Management,Legal,Under Review,DEP-001,2006-10-30,,2009-12-31
POL-0296,Policy 296: Travel Management, Finance ,Approved,DEP-001,2019-09-19,,2024-02-10
POL-0297,Policy 297: Access Management,Admin,Approved,DEP-001,"Nov 24, 2020",,
POL-0298,Policy 298: Retention Management,Member,Approved, DEP-013 ,2019-06-08,,2020-11-12
POL-0299,Policy 299: Retention Management,Compliance,Under Review,DEP-009,06/29/2019,  ,2025-03-11
POL-0300,Policy 300: Travel Management,HR,Draft,DEP-001,2013-02-18,,2017-12-08
 POL-0190 ,Policy 190: Conduct Management,Employer,Approved,DEP-011,2019-04-23,,2022-03-03
POL-0124,Policy 124: Procurement Management,Risk,Retired,DEP-005,2012-06-02,,2022-08-06
POL-0186,Policy 186: Records Management,, Draft ,DEP-001,2022-11-10,2025-11-10,
POL-0214,Policy 214: Leave Management,Member,,DEP-005, 2007-08-14 , 2008-08-14 ,2014-06-11
POL-0107,Policy 107: Security Management,Finance,Under Review,DEP-009,27-Jan-2024,,2024-05-29
POL-0128,,Risk,draft,DEP-001,2018-05-21,  ,2019-07-06
